model,accuracy,precision,recall,f1,roc_auc
RandomForest,0.746276889134032,0.74935161170804,0.741929567131328,0.7456221198156682,0.8263514418904765
